{
  "id": "resume-sample-7",
  "name": "REDACTED",
  "email": "REDACTED",
  "phone": "REDACTED",
  "skills": [
    "bellevue",
    "xx",
    "with",
    "in",
    "communications",
    "as",
    "to",
    "force",
    "the",
    "leadership",
    "and",
    "training",
    "science",
    "community",
    "air",
    "development",
    "management",
    "of"
  ],
  "experience": [],
  "education": [],
  "raw_text": "IM A. SAMPLE V \n\n Page Two \n\nEDUCATION AND TRAINING \n\nBachelor of Science in Management (20xx) \nBellevue University, Bellevue, Nebraska \n\nGPA: 4.00/4.00 \n\nDean\u2019s Scholar \n\nGraduated with Professional Honors \n\nAssociate of Applied Science in Communications Technology (20xx) \nCommunity College of the Air Force \n\nNumerous workshops, courses and seminars dealing with leadership development, \nmanagement, TQM, interpersonal communications, curriculum development and related topics \nDepartment of Defense and Air Force Training Schools \n\nCertified as Total Quality Management Facilitator \nQualified Master Air Training Command Instructor in Leadership and Management \n\nWORK HISTORY \n\nVarious Positions of Increasing Responsibility and Leadership \nUnited States Air Force (20xx to present) \n\uf0b7  Currently serving as Squadron Operation Superintendent. \n\uf0b7  Scheduled to leave the Air Force in September 20xx. \n\nVOLUNTEER/COMMUNITY SERVICE \n\nCoach, Youth Soccer, Bellevue Boys Club \nUnit Coordinator, U.S. Savings Bond Drive \n\nREFERENCES AVAILABLE UPON REQUEST \n\n \n \n \n \n \n \n \n \n \n \n \n \n \n \n \n \n\f",
  "raw_text_snippet": "IM A. SAMPLE V \n\n Page Two \n\nEDUCATION AND TRAINING \n\nBachelor of Science in Management (20xx) \nBellevue University, Bellevue, Nebraska \n\nGPA: 4.00/4.00 \n\nDean\u2019s Scholar \n\nGraduated with Professional Honors \n\nAssociate of Applied Science in Communications Technology (20xx) \nCommunity College of the Air Force \n\nNumerous workshops, courses and seminars dealing with leadership development, \nmanagement, TQM, interpersonal communications, curriculum development and related topics \nDepartment of Defense and Air Force Training Schools \n\nCertified as Total Quality Management Facilitator \nQualified Master Air Training Command Instructor in Leadership and Management \n\nWORK HISTORY \n\nVarious Positions of Increasing Responsibility and Leadership \nUnited States Air Force (20xx to present) \n\uf0b7  Currently..."
}