{
  "id": "resume-sample-12",
  "name": "REDACTED",
  "email": "REDACTED",
  "phone": "REDACTED",
  "skills": [
    "quality",
    "vendors",
    "omaha",
    "on",
    "skills",
    "the",
    "company",
    "administration",
    "recruiting",
    "sales",
    "resources",
    "developed",
    "customers",
    "conducted",
    "solving",
    "satisfaction",
    "program",
    "bellevue",
    "to",
    "ne",
    "human",
    "and",
    "arts",
    "analyzed",
    "customer",
    "problem",
    "service",
    "xx",
    "associate",
    "in"
  ],
  "experience": [],
  "education": [],
  "raw_text": "FUNCTIONAL \n\nIM A. SAMPLE IX \n987 Northridge Drive \nOmaha, Nebraska 68123 \n(402) 543-1234 \nimasample9@xxx.com \n\nOBJECTIVE:  Position in Human Resources Administration utilizing strong human relations, \ncustomer service and problem solving skills. \n\nPROFESSIONAL SKILLS AND ACCOMPLISHMENTS \n\nAnalysis and Problem Solving \n\n\uf0b7  Researched and developed a survey instrument, subsequently used to obtain \n\nemployee information on their satisfaction with the company\u2019s employee relations \nprogram. \n\n\uf0b7  Compiled and analyzed statistical data to identify potential sources for use in \n\ndeveloping annual recruiting program. \n\n\uf0b7  Completed independent research project on the impact of \u201cfamily friendly\u201d human \n\nresources policies on employee retention. \n\n\uf0b7  Conducted quality control inspections, analyzed results and developed action plans to \n\naddress areas of concern. \n\nCommunications and Customer Relations \n\n\uf0b7  Provided orientation and training to new employees and advised them on the effective \n\nhandling of customer complaints. \n\n\uf0b7  Greeted applicants, scheduled interviews, conducted reference checks and \n\nparticipated in on-campus recruiting activities and career fairs. \n\n\uf0b7  Received Customer Service Satisfaction Award for high quality of services provided \n\nto both vendors and customers. \n\n\uf0b7  Handled customer inquiries and sales; effectively represented company to vendors \n\nand prospective customers, resulting in a 15% increase in just six months. \n\nEDUCATION \n\nBachelor of Science, Bellevue University, Bellevue, NE (In Progress) \n\n\uf0b7  Major:  Psychology \n\uf0b7  Expected Graduation: August 20xx \n\uf0b7  GPA to date: 3.98/4.00 \n\nMinor: Communication Arts \n\nDean\u2019s Scholar \n\nAssociate of Arts, Iowa Western Community College, Council Bluffs, IA (20xx) \n\n\uf0b7  Area of Emphasis: Business Administration \n\nWORK EXPERIENCE \n\nSenior Sales Associate, Precision Tool, Omaha, NE (20xx to present) \nHuman Resources Intern, Oriental Trading, Omaha, NE (Spring Semester 20xx) \n\nREFERENCES FURNISHED UPON REQUEST \n\n \n \n \n \n \n \n \n \n \n\f",
  "raw_text_snippet": "FUNCTIONAL \n\nIM A. SAMPLE IX \n987 Northridge Drive \nOmaha, Nebraska [REDACTED_PHONE] \n[REDACTED_EMAIL] \n\nOBJECTIVE:  Position in Human Resources Administration utilizing strong human relations, \ncustomer service and problem solving skills. \n\nPROFESSIONAL SKILLS AND ACCOMPLISHMENTS \n\nAnalysis and Problem Solving \n\n\uf0b7  Researched and developed a survey instrument, subsequently used to obtain \n\nemployee information on their satisfaction with the company\u2019s employee relations \nprogram. \n\n\uf0b7  Compiled and analyzed statistical data to identify potential sources for use in \n\ndeveloping annual recruiting program. \n\n\uf0b7  Completed independent research project on the impact of \u201cfamily friendly\u201d human \n\nresources policies on employee retention. \n\n\uf0b7  Conducted quality control inspections, analyzed results ..."
}