{
  "id": "resume-sample-10",
  "name": "REDACTED",
  "email": "REDACTED",
  "phone": "REDACTED",
  "skills": [
    "theory",
    "omaha",
    "skills",
    "research",
    "social",
    "nebraska",
    "the",
    "including",
    "writing",
    "psychology",
    "psychological",
    "assessment",
    "preparation",
    "summer",
    "graduate",
    "bellevue",
    "assisted",
    "dean",
    "to",
    "who",
    "ne",
    "and",
    "their",
    "assistantship",
    "help",
    "students",
    "student",
    "xx",
    "with",
    "in"
  ],
  "experience": [],
  "education": [],
  "raw_text": "CHRONOLOGICAL (GRADUATE ASSISTANTSHIP) \n\nIM A. SAMPLE VII \n4321 Country Club Road \nOmaha, Nebraska 68123 \n(402) 555-9876 \nimasample7@xxx.com \n\nOBJECTIVE \n\nTo obtain a Graduate Assistantship where strong academic background and excellent \ncommunication skills can be utilized to help college students achieve their educational goals. \n\nEDUCATION \n\nBachelor of Arts, Bellevue University, Bellevue NE (20xx) \n\nMajors: Psychology, Sociology \nGraduated Summa Cum Laude \n\nDean\u2019s Scholar \nRelevant Coursework \n\nFundamentals of Guidance & Counseling \nPsychological Assessment \nResearch Methods & Psychological Research \n\nGPA: 4.00/4.00 \nNational Dean\u2019s List \n\nPersonality Theory \nLearning Theory \nSocial Psychology \n\nPROFESSIONAL EXPERIENCE \n\nWriting Tutor and Test Administrator, Bellevue University, Bellevue, NE (20xx \u2013 20xx) \n\uf0b7  Assisted in the preparation and administration of various assessment instruments, including \n\nCLEP, DANTES and placement tests. \n\n\uf0b7  Provided tutorial assistance to undergraduate and graduate students in the area of \n\nwriting/composition. \n\n\uf0b7  Advised and assisted international students with writing assignments to help them strengthen \n\ntheir English language skills. \n\nResearch Assistant, University of Nebraska Medical Center, Omaha, NE (Summer 20xx, 20xx) \n\uf0b7  Assisted child psychologist in a two-part Summer Research Enrichment Program, including \n\nobservations of client behavior, data entry and preparation of research reports. \n\n\uf0b7  Performed literature searches and prepared summary reports for a major research project \n\ninvolving the study of individuals with disabilities. \n\nCOLLEGIATE HONORS AND ACTIVITIES \n\nListed in Who\u2019s Who Among Students in American Colleges and Universities \nMember, Pi Gamma Mu and Alpha Chi Honor Societies \nPresident, Behavioral and Social Sciences Student Organization, Bellevue University \nVolunteer Contributor, The VUE, Bellevue University Student Newspaper \nMember, Bellevue University Student Advisory Council \n\nLETTERS OF REFERENCE & TRANSCRIPT ENCLOSED \n\n \n \n \n \n \n \n \n \n \n \n \n \n \n \n \n\f",
  "raw_text_snippet": "CHRONOLOGICAL (GRADUATE ASSISTANTSHIP) \n\nIM A. SAMPLE VII \n4321 Country Club Road \nOmaha, Nebraska [REDACTED_PHONE] \n[REDACTED_EMAIL] \n\nOBJECTIVE \n\nTo obtain a Graduate Assistantship where strong academic background and excellent \ncommunication skills can be utilized to help college students achieve their educational goals. \n\nEDUCATION \n\nBachelor of Arts, Bellevue University, Bellevue NE (20xx) \n\nMajors: Psychology, Sociology \nGraduated Summa Cum Laude \n\nDean\u2019s Scholar \nRelevant Coursework \n\nFundamentals of Guidance & Counseling \nPsychological Assessment \nResearch Methods & Psychological Research \n\nGPA: 4.00/4.00 \nNational Dean\u2019s List \n\nPersonality Theory \nLearning Theory \nSocial Psychology \n\nPROFESSIONAL EXPERIENCE \n\nWriting Tutor and Test Administrator, Bellevue University, Bellevue, NE ..."
}