{
  "id": "resume-sample-13",
  "name": "REDACTED",
  "email": "REDACTED",
  "phone": "REDACTED",
  "skills": [
    "assistant",
    "central",
    "completed",
    "on",
    "social",
    "skills",
    "the",
    "goodwill",
    "activities",
    "nursing",
    "caseload",
    "administration",
    "grand",
    "industries",
    "group",
    "present",
    "square",
    "jan",
    "services",
    "seeking",
    "review",
    "hastings",
    "conducted",
    "consumers",
    "training",
    "crisis",
    "one-on-one",
    "job",
    "bellevue",
    "receptionist"
  ],
  "experience": [],
  "education": [],
  "raw_text": "CHRONOLOGICAL (HUMAN/SOCIAL SERVICE) \n\n3083 North South Street, Apt. A-1 \nGrand Island, Nebraska 68803 \n\n(308) 308-3083 \nimasample10@xxxx.net \n\nIM A. SAMPLE X \n\nOBJECTIVE\uf020\n\nSeeking Position in Human/Social Service Administration or related field utilizing strong academic \nbackground, experience and excellent interpersonal skills \n\nEDUCATION \n\nBS in Human & Social Service Administration, Bellevue University, Bellevue, NE (Jan 20xx) \nGPA: 3.81/4.00 \n\n\uf0a7  Dean\u2019s Scholar \n\nAAS in Human Services (Dec 19xx), 75-Hr Basic Nursing Assistant Program (Jan 20xx) \n\nCentral Community College\u2014Hastings Campus, Hastings, NE \n\nWORK HISTORY \n\nDay Rehabilitation Specialist, Greater NE Goodwill Industries, Grand Island, NE (June 20xx \u2013 Present) \n\uf0a7  Manage a caseload of twenty consumers, assist them in setting and reaching individual plans \n\uf0a7  Facilitate group sessions on Mental Illness, Stress Management and Healthy Relationships \n\uf0a7  Plan and implement social activities for consumers \n\uf0a7  Coordinate and conduct team meetings \n\uf0a7  Process billings, manage petty cash fund, and oversee operations in supervisor\u2019s absence \n\nAssistant Receptionist, Tiffany Square Care Center, Grand Island, NE (Jan \u2013 June 20xx) \n\n\uf0a7  Arranged and facilitated weekend activities for residents \n\uf0a7  Contacted families to set up dates and times to review and discuss care plans \n\uf0a7  Delivered and read mail to residents, providing companionship and social interaction \n\uf0a7  Filed confidential paperwork and provided receptionist/administrative support for the Center \n\nEmployment Trainer, Central NE Goodwill Industries, Grand Island, NE (Aug 19xx \u2013 May 20xx) \n\n\uf0a7  Managed a caseload of twenty consumers and provided on-the-job coaching to help them succeed \n\uf0a7  Conducted group job search training sessions and assisted consumers with completion of job \n\napplications, cover letters and resumes  \n\nCriminal Justice/Shelter Advocate, Crisis Center Inc & Family Violence Coalition, Grand Island, NE \n(July 20xx \u2013 Oct 20xx) \n\n\uf0a7  Responded to crisis calls and provided support  to victims of domestic abuse \n\uf0a7  Completed paperwork to document circumstances surrounding alleged abuse for judicial review \n\nSocial Services Assistant, Tiffany Square Care Center, Grand Island, NE (Jan 20xx \u2013 Sept 20xx) \n\n\uf0a7  Conducted tours, provided orientation and general assistance for new residents \n\uf0a7  Completed social histories, inventoried clothing, and met one-on-one with residents to help them \n\nunderstand their rights and responsibilities \n\n\uf0a7  Assisted the Center in meeting critical staffing needs during peak times by working as a certified \n\nnursing assistant, dietary aide, receptionist and van driver \n\nCOMMUNITY SERVICE \n\nVolunteer, Women\u2019s Health Services, Grand Island, NE (Fall 20xx \u2013 present) \n\n\uf0a7  Assisted professional staff and participated in one-on-one discussions with women seeking advice \n\non health-related issues \n\n\uf0a7  Observed group training sessions to develop the skills needed to facilitate groups in the future \n\n \n \n \n \n \n\f",
  "raw_text_snippet": "CHRONOLOGICAL (HUMAN/SOCIAL SERVICE) \n\n3083 North South Street, Apt. A-1 \nGrand Island, Nebraska [REDACTED_PHONE] \n[REDACTED_EMAIL] \n\nIM A. SAMPLE X \n\nOBJECTIVE\uf020\n\nSeeking Position in Human/Social Service Administration or related field utilizing strong academic \nbackground, experience and excellent interpersonal skills \n\nEDUCATION \n\nBS in Human & Social Service Administration, Bellevue University, Bellevue, NE (Jan 20xx) \nGPA: 3.81/4.00 \n\n\uf0a7  Dean\u2019s Scholar \n\nAAS in Human Services (Dec 19xx), 75-Hr Basic Nursing Assistant Program (Jan 20xx) \n\nCentral Community College\u2014Hastings Campus, Hastings, NE \n\nWORK HISTORY \n\nDay Rehabilitation Specialist, Greater NE Goodwill Industries, Grand Island, NE (June 20xx \u2013 Present) \n\uf0a7  Manage a caseload of twenty consumers, assist them in setting and reachin..."
}