{
  "id": "resume-sample-2",
  "name": "REDACTED",
  "email": "REDACTED",
  "phone": "REDACTED",
  "skills": [
    "payroll",
    "omaha",
    "professional",
    "skills",
    "nebraska",
    "computerized",
    "bookkeeper",
    "work",
    "solving",
    "formulated",
    "bellevue",
    "to",
    "basic",
    "ne",
    "ms",
    "and",
    "accounting",
    "systems",
    "records",
    "management",
    "problem",
    "student",
    "xx",
    "in",
    "computer",
    "for",
    "reports",
    "date",
    "financial",
    "university"
  ],
  "experience": [],
  "education": [],
  "raw_text": "FUNCTIONAL (EXPERIENCED) \n\nIM A. SAMPLE I \n1234 North 55 Street \nBellevue, Nebraska 68005 \n(402) 292-2345 \nimasample1@xxx.com \n\nSUMMARY OF QUALIFICATIONS \n\nExceptionally well organized and resourceful Professional with more than six years experience and a \nsolid academic background in accounting and financial management; excellent analytical and problem \nsolving skills; able to handle multiple projects while producing high quality work in a fast-paced, \ndeadline-oriented environment. \n\nEDUCATION \n\nBachelor of Science, Bellevue University, Bellevue, NE (In Progress) \n\nMajor:  Accounting \nExpected Graduation Date:  January, 20xx \n\nMinor:  Computer Information Systems \nGPA to date:  3.95/4.00 \n\nPROFESSIONAL ACCOMPLISHMENTS \n\nAccounting and Financial Management \n\uf0b7  Developed and maintained accounting records for up to fifty bank accounts. \n\uf0b7  Formulated monthly and year-end financial statements and generated various payroll records, \nincluding federal and state payroll reports, annual tax reports, W-2 and 1099 forms, etc. \n\n\uf0b7  Tested accuracy of account balances and prepared supporting documentation for submission during a \n\ncomprehensive three-year audit of financial operations. \n\n\uf0b7  Formulated intricate pro-forma budgets. \n\uf0b7  Calculated and implemented depreciation/amortization schedules. \n\nInformation Systems Analysis and Problem Solving \n\uf0b7  Converted manual to computerized accounting systems for two organizations. \n\uf0b7  Analyzed and successfully reprogrammed software to meet customer requirements. \n\uf0b7  Researched and corrected problems to assure effective operation of newly computerized systems. \n\nWORK HISTORY \n\nStudent Intern, Financial Accounting Development Program, Mutual of Omaha, Omaha, NE \n(Summer 20xx) \n\nAccounting Coordinator, Nebraska Special Olympics, Omaha, NE (20xx-20xx) \n\nBookkeeper, SMC, Inc., Omaha, NE (20xx \u2013 20xx) \n\nBookkeeper, First United Methodist Church, Altus, OK (20xx \u2013 20xx) \n\nMember, IMA, Bellevue University Student Chapter \n\nPROFESSIONAL AFFILIATION \n\n\uf0b7  Proficient in MS Office (Word, Excel, PowerPoint, Outlook), QuickBooks \n\uf0b7  Basic Knowledge of MS Access, SQL, Visual Basic, C++ \n\nCOMPUTER SKILLS \n\n \n \n \n \n \n \n \n \n \n\f",
  "raw_text_snippet": "FUNCTIONAL (EXPERIENCED) \n\nIM A. SAMPLE I \n1234 North 55 Street \nBellevue, Nebraska [REDACTED_PHONE] \n[REDACTED_EMAIL] \n\nSUMMARY OF QUALIFICATIONS \n\nExceptionally well organized and resourceful Professional with more than six years experience and a \nsolid academic background in accounting and financial management; excellent analytical and problem \nsolving skills; able to handle multiple projects while producing high quality work in a fast-paced, \ndeadline-oriented environment. \n\nEDUCATION \n\nBachelor of Science, Bellevue University, Bellevue, NE (In Progress) \n\nMajor:  Accounting \nExpected Graduation Date:  January, 20xx \n\nMinor:  Computer Information Systems \nGPA to date:  3.95/4.00 \n\nPROFESSIONAL ACCOMPLISHMENTS \n\nAccounting and Financial Management \n\uf0b7  Developed and maintained accounting..."
}