{
  "id": "resume-sample-9",
  "name": "REDACTED",
  "email": "REDACTED",
  "phone": "REDACTED",
  "skills": [
    "omaha",
    "operations",
    "work",
    "programming",
    "bellevue",
    "ne",
    "major",
    "and",
    "systems",
    "microcomputer",
    "database",
    "management",
    "gpa",
    "xx",
    "two",
    "in",
    "computer",
    "university",
    "of",
    "information"
  ],
  "experience": [],
  "education": [],
  "raw_text": "IM A. SAMPLE VI . . . . . . . . . . . . . . . . . . . . . . . . . . . . . . . . . . . . . . . . Page Two of Two \n\nWORK EXPERIENCE (Continued) \n\nSenior Computer Operator, Bergen Mercy Hospital, Omaha NE (20xx \u2013 20xx) \n\uf0b7  Supervised shift operations and staff, trained employees, developed work schedules and \n\nmonitored work performance. \n\n\uf0b7  Operated IBM and Digital systems; identified and resolved problems to assure smooth and \n\nefficient system operations. \n\nEDUCATION \n\nMBA with Concentration in Management Information Systems \nBellevue University, Bellevue NE \n\nExpected Graduation: June 20xx \n\nBachelor of Science, Bellevue University, Bellevue NE (20xx) \n\nMajor: Computer Information Systems \nGPA: 3.45/4.00 \n\nGPA in major: 4.00/4.00 \n\nMinor: Business Administration \nDean\u2019s Scholar \n\nCertificate in Computer Programming \nElectronic Computer Programming Institute, Omaha NE (20xx) \n\nTECHNICAL KNOWLEDGE AND SKILLS \n\nC, C++, Visual Basic, COBOL \nAdvanced Microcomputer Applications \nManagement & Design of Database Systems  \nRelational Database Management \n\nWindows 9x/200x/XP \nUNIX/Linux \nSQL \nMicrocomputer Graphics/Mapping \n\nMS Office (Word, Excel, PowerPoint, Outlook, Access) \n\nREFERENCES AVAILABLE UPON REQUEST \n\n \n \n \n \n \n \n \n \n \n \n \n \n \n \n \n \n \n \n \n \n \n \n\f",
  "raw_text_snippet": "IM A. SAMPLE VI . . . . . . . . . . . . . . . . . . . . . . . . . . . . . . . . . . . . . . . . Page Two of Two \n\nWORK EXPERIENCE (Continued) \n\nSenior Computer Operator, Bergen Mercy Hospital, Omaha NE (20xx \u2013 20xx) \n\uf0b7  Supervised shift operations and staff, trained employees, developed work schedules and \n\nmonitored work performance. \n\n\uf0b7  Operated IBM and Digital systems; identified and resolved problems to assure smooth and \n\nefficient system operations. \n\nEDUCATION \n\nMBA with Concentration in Management Information Systems \nBellevue University, Bellevue NE \n\nExpected Graduation: June 20xx \n\nBachelor of Science, Bellevue University, Bellevue NE (20xx) \n\nMajor: Computer Information Systems \nGPA: 3.45/4.00 \n\nGPA in major: 4.00/4.00 \n\nMinor: Business Administration \nDean\u2019s Scholar \n\nCertifi..."
}