{
  "id": "resume-sample-4",
  "name": "REDACTED",
  "email": "REDACTED",
  "phone": "REDACTED",
  "skills": [
    "high",
    "professional",
    "staff",
    "present",
    "resources",
    "customers",
    "training",
    "business",
    "satisfaction",
    "bellevue",
    "to",
    "as",
    "ne",
    "human",
    "and",
    "telemarketing",
    "take",
    "management",
    "customer",
    "level",
    "service",
    "with",
    "xx",
    "in",
    "provided",
    "other",
    "for",
    "chapter",
    "received",
    "university"
  ],
  "experience": [],
  "education": [],
  "raw_text": "3456 Westview Road \nBellevue, Nebraska 68005 \n\nIM A. SAMPLE III \n\nCHRONOLOGICAL \n\n(402) 291-5678 \nimasample3@xxx.com \n\nSUMMARY OF QUALIFICATIONS \n\nExperienced business professional with a solid academic background and a demonstrated \ncommitment to providing high quality customer service; described as a \"take charge\" person with \nexceptional communication and human relations skills; proficient in the use of MS Office (Word, \nExcel, PowerPoint) with basic knowledge of PeopleSoft. \n\nEDUCATION \n\nBellevue University, Bellevue, NE (June 20xx) \nBachelor of Science in Management of Human Resources \n\n\uf0b7  GPA in major: 3.84/4.00 \n\nGraduated with distinction \n\nPROFESSIONAL EXPERIENCE \n\nWest Telemarketing, Omaha, NE (20xx to Present) \nCustomer Service Supervisor (20xx to present) \n\n\uf0b7  Supervise operations and staff in a 20-person inbound telemarketing unit, including \nhiring, training and evaluating employees, preparing and administering annual \nbudgets, developing business plans, etc. \n\n\uf0b7  Assess level of customer satisfaction and resolve sensitive and complex issues raised \n\nby customers; provide additional training and take other action as required to \nmaintain a high level of customer satisfaction. \n\nCustomer Service Representative (20xx-20xx) \n\n\uf0b7  Handled incoming calls from customers and potential customers, provided \n\n\uf0b7 \n\ninformation and received orders using CRT to input data. \nInterviewed customers and recommended other available products to meet their \nneeds; received several Incentive Awards for sales efforts. \n\n\uf0b7  Provided orientation and training to new staff members. \n\nPROFESSIONAL AFFILIATIONS AND ACTIVITIES \n\nMember, Society for Human Resources Management (SHRM) (20xx to 20xx) \n\n  Bellevue University Student Chapter \n\n\uf0b7  Chair, Program Development Committee (20xx) \n\nPresident, American Business Women's Association, Gold Star Chapter (20xx) \n\nREFERENCES FURNISHED UPON REQUEST \n\n \n \n \n \n \n \n \n \n \n \n \n \n \n\f",
  "raw_text_snippet": "3456 Westview Road \nBellevue, Nebraska 68005 \n\nIM A. SAMPLE III \n\nCHRONOLOGICAL \n\n([REDACTED_PHONE] \n[REDACTED_EMAIL] \n\nSUMMARY OF QUALIFICATIONS \n\nExperienced business professional with a solid academic background and a demonstrated \ncommitment to providing high quality customer service; described as a \"take charge\" person with \nexceptional communication and human relations skills; proficient in the use of MS Office (Word, \nExcel, PowerPoint) with basic knowledge of PeopleSoft. \n\nEDUCATION \n\nBellevue University, Bellevue, NE (June 20xx) \nBachelor of Science in Management of Human Resources \n\n\uf0b7  GPA in major: 3.84/4.00 \n\nGraduated with distinction \n\nPROFESSIONAL EXPERIENCE \n\nWest Telemarketing, Omaha, NE (20xx to Present) \nCustomer Service Supervisor (20xx to present) \n\n\uf0b7  Supervise operat..."
}