{
  "id": "resume-sample-5",
  "name": "REDACTED",
  "email": "REDACTED",
  "phone": "REDACTED",
  "skills": [
    "quality",
    "vendors",
    "high",
    "statistical",
    "omaha",
    "professional",
    "skills",
    "research",
    "the",
    "data",
    "sales",
    "developed",
    "customers",
    "work",
    "business",
    "mathematical",
    "solving",
    "satisfaction",
    "bellevue",
    "to",
    "ne",
    "and",
    "strong",
    "analyzed",
    "technical",
    "customer",
    "problem",
    "with",
    "xx",
    "in"
  ],
  "experience": [],
  "education": [],
  "raw_text": " IM A. SAMPLE IV \n\nFUNCTIONAL \n\n987 Northridge Drive \nOmaha, Nebraska 68123 \n(402) 543-1234 \nimasample4@xxx.com \n\nOBJECTIVE:  Position in market research or financial analysis where strong technical skills, \n\nmathematical/statistical background and problem solving abilities can be applied towards \nthe successful achievement of business goals and objectives \n\nPROFESSIONAL PROFILE \n\n\uf0b7  Exceptionally well organized, resourceful and highly motivated with the ability to handle \n\nmultiple projects and produce timely, high quality work. \n\n\uf0b7  Strong analytical and human relations skills; especially effective in helping customers \n\nand associates resolve issues and concerns. \n\nPROFESSIONAL SKILLS AND EXPERIENCE \n\nAnalysis and Problem Solving \n\uf0b7  Researched and developed a survey instrument, subsequently used to obtain information \n\nfrom customers regarding their satisfaction with products purchased. \n\n\uf0b7  Compiled and analyzed statistical data to identify potential target markets for future sales \n\nand marketing efforts. \n\n\uf0b7  Completed independent research project on the use of mathematical/statistical models as \n\ntools for solving various business problems. \n\n\uf0b7  Conducted quality control inspections, analyzed results and developed action plans to \n\naddress areas of concern. \n\nCommunications and Customer Relations \n\uf0b7  Received Customer Service Satisfaction Award for high quality of services provided to \n\nboth vendors and customers. \n\n\uf0b7  Handled customer inquiries and sales; effectively represented company to vendors and \n\nprospective customers, resulting in a 15% increase in sales in just six months. \n\n\uf0b7  Provided orientation, training and guidance to new employees. \n\nEDUCATION \n\nBachelor of Science, Bellevue University, Bellevue, NE (June, 20xx) \n  Major: Computer Information Systems in Business   \n  Graduated summa cum laude \n\nMinor: Mathematics \nGPA:  3.98/4.00 \n\nTECHNICAL SKILLS \n\n\uf0b7 \n\uf0b7 \n\nJava, PERL, ASP, PHP Scripting, Relational Databases, SQL \nInferential Statistics, Data Analysis, Calculus & Mathematical Analysis, SPSS \n\nWORK EXPERIENCE \n\nIntern-Market Research, Mutual of Omaha, Omaha, NE (Fall Semester, 20xx) \nSales Associate & Machinist Assistant, Precision Tool, Omaha, NE (20xx to present)  \n\n \n \n \n \n \n \n \n \n \n\f",
  "raw_text_snippet": " IM A. SAMPLE IV \n\nFUNCTIONAL \n\n987 Northridge Drive \nOmaha, Nebraska [REDACTED_PHONE] \n[REDACTED_EMAIL] \n\nOBJECTIVE:  Position in market research or financial analysis where strong technical skills, \n\nmathematical/statistical background and problem solving abilities can be applied towards \nthe successful achievement of business goals and objectives \n\nPROFESSIONAL PROFILE \n\n\uf0b7  Exceptionally well organized, resourceful and highly motivated with the ability to handle \n\nmultiple projects and produce timely, high quality work. \n\n\uf0b7  Strong analytical and human relations skills; especially effective in helping customers \n\nand associates resolve issues and concerns. \n\nPROFESSIONAL SKILLS AND EXPERIENCE \n\nAnalysis and Problem Solving \n\uf0b7  Researched and developed a survey instrument, subsequently u..."
}