{
  "id": "resume-sample-3",
  "name": "REDACTED",
  "email": "REDACTED",
  "phone": "REDACTED",
  "skills": [
    "members",
    "skills",
    "the",
    "nebraska",
    "staff",
    "internship",
    "present",
    "communication",
    "accounts",
    "business",
    "public",
    "bellevue",
    "marketing",
    "academic",
    "to",
    "ne",
    "and",
    "receivable",
    "coursework",
    "xx",
    "in",
    "checks",
    "date",
    "or",
    "university",
    "of",
    "relations"
  ],
  "experience": [],
  "education": [],
  "raw_text": "IM A. SAMPLE II \n\nCHRONOLOGICAL (INTERNSHIP) \n\n  4321 South 55 Street \nBellevue, Nebraska 68005 \n(402) 291-5432 \nimasample2@xxx.com \n\nOBJECTIVE: Internship or Part-time Position in Marketing, Public Relations or related \nfield utilizing strong academic background and excellent communication skills \n\nEDUCATION: \n\nBS  in Business Administration with Marketing Emphasis \nBellevue University, Bellevue, NE \n\nWORK \nHISTORY: \n\n\uf0b7  Expected Graduation Date:  June, 20xx \n\uf0b7  GPA to date:  3.56/4.00 \n\nRelevant Coursework \n\nPrinciples of Marketing \nInternet Marketing \nPublic Relations \n\nBusiness Communication \nConsumer Behavior \nBusiness Policy & Stretegy \n\nAacademic Tutor (20xx to present) \nBellevue University, Bellevue, NE \n\n\uf0b7  Assist college students in overcoming deficiencies and \n\nsuccessfully mastering academic coursework. \n\nSenior Accounts Receivable Clerk (20xx-20xx) \nLincoln Financial Group, Omaha, NE \n\n\uf0b7  Researched story ideas, wrote articles and participated in the \n\npublication of a weekly in-house newsletter. \n\n\uf0b7  Assisted customers and staff members in resolving problems and \n\nbalancing accounts; trained new staff members. \n\n\uf0b7  Managed and recorded daily accounts receivable deposits of up to \n\n$450,000. \n\n\uf0b7  Conducted extensive research to recover lost checks and organized \n\nsystem to stop payment and replace all checks. \n\nCOMMUNITY  \nSERVICE: \n\nAdvertising Coordinator, The Vue (20xx to present) \nBellevue University Student Newspaper \nVolunteer, Publicity Committee (20xx, 20xx) \nBrushup Nebraska Paint-A-Thon \n\nADDED VALUE:  Language Skills: Bilingual (English/Spanish) \n\nComputer Skills: MS Office (Word, Excel, PowerPoint), PhotoShop \n\nREFERENCES: \n\nAvailable Upon Request \n\n \n \n \n \n \n \n \n \n \n \n \n \n \n \n \n \n \n \n \n \n \n \n\f",
  "raw_text_snippet": "IM A. SAMPLE II \n\nCHRONOLOGICAL (INTERNSHIP) \n\n  4321 South 55 Street \nBellevue, Nebraska [REDACTED_PHONE] \n[REDACTED_EMAIL] \n\nOBJECTIVE: Internship or Part-time Position in Marketing, Public Relations or related \nfield utilizing strong academic background and excellent communication skills \n\nEDUCATION: \n\nBS  in Business Administration with Marketing Emphasis \nBellevue University, Bellevue, NE \n\nWORK \nHISTORY: \n\n\uf0b7  Expected Graduation Date:  June, 20xx \n\uf0b7  GPA to date:  3.56/4.00 \n\nRelevant Coursework \n\nPrinciples of Marketing \nInternet Marketing \nPublic Relations \n\nBusiness Communication \nConsumer Behavior \nBusiness Policy & Stretegy \n\nAacademic Tutor (20xx to present) \nBellevue University, Bellevue, NE \n\n\uf0b7  Assist college students in overcoming deficiencies and \n\nsuccessfully mastering a..."
}