{
  "id": "resume-sample-6",
  "name": "REDACTED",
  "email": "REDACTED",
  "phone": "REDACTED",
  "skills": [
    "counseling",
    "professional",
    "skills",
    "the",
    "planned",
    "communication",
    "developed",
    "coordinated",
    "performance",
    "up",
    "training",
    "work",
    "team",
    "successfully",
    "to",
    "as",
    "employees",
    "resolve",
    "an",
    "leader",
    "and",
    "development",
    "management",
    "with",
    "enhance",
    "in",
    "variety",
    "provided",
    "other",
    "for"
  ],
  "experience": [],
  "education": [],
  "raw_text": "IM A. SAMPLE V \n\nFUNCTIONAL (MILITARY) \n\n 987 Northridge Drive \nOmaha, Nebraska 68123 \n(402) 543-1234 \nimasample5@xxx.com \n\nPROFESSIONAL PROFILE \n\nSelf-motivated, resourceful and dynamic leader with extensive experience and a strong \neducational background in management, training and employee development; exceptional \ncommunication skills and a demonstrated ability to create and manage cohesive, productive work \nteams; proficient in the use of Microsoft Word, Excel and other software applications. \n\nPROFESSIONAL SKILLS AND ACCOMPLISHMENTS \n\nManagement and Administration \n\uf0b7  Directed, guided and motivated a workforce of up to 300 individuals with diverse technical \n\nbackgrounds and experiences. \n\n\uf0b7  Successfully improved work performance of a \u201cmarginal\u201d work team, as evidenced by an \nincrease to a \u201csatisfactory\u201d performance rating after only six months as team leader. \n\uf0b7  Provided day-to-day supervision for an administrative staff of up to sixty employees. \n\uf0b7  Planned, designed and coordinated the programming of computer-based products; designed \n\nand coordinated computer system testing in facilities throughout the world. \n\n\uf0b7  Planned, developed and administered annual budgets ranging from $150,000 to $300,000. \n\nTraining and Development \n\uf0b7  Taught college level courses in leadership, management, team building, effective writing and \n\nspeech communications. \n\n\uf0b7  Certified as Master Instructor; designed and developed curriculum; selected, trained and \n\nevaluated other instructors. \n\n\uf0b7  Advised and educated personnel on ways to enhance and strengthen their promotability and \njob performance; identified and documented career development plans for employees. \n\n\uf0b7  Provided on-the-job training and guidance for new employees. \n\nCommunication and Counseling \n\uf0b7  Conducted formal investigations and utilized a variety of counseling techniques and \n\nstrategies to successfully resolve highly complex and sensitive issues involving domestic \nabuse, racial discrimination, minor law infractions and academic failures. \n\n\uf0b7  Worked one-on-one with customers and employees to enhance self esteem and resolve \n\ncommunication problems. \n\n\uf0b7  Marketed and promoted company programs to employees and the general public through a \n\nvariety of activities including presentations to audiences of over 1000 people. \n\n\uf0b7  Established and maintained effective working relationships with co-workers, superiors and \n\nsubordinates to facilitate the achievement of business objectives. \n\nCONTINUED . . . . . . . . . . . \n\n \n \n \n \n \n \n \n \n \n\f",
  "raw_text_snippet": "IM A. SAMPLE V \n\nFUNCTIONAL (MILITARY) \n\n 987 Northridge Drive \nOmaha, Nebraska [REDACTED_PHONE] \n[REDACTED_EMAIL] \n\nPROFESSIONAL PROFILE \n\nSelf-motivated, resourceful and dynamic leader with extensive experience and a strong \neducational background in management, training and employee development; exceptional \ncommunication skills and a demonstrated ability to create and manage cohesive, productive work \nteams; proficient in the use of Microsoft Word, Excel and other software applications. \n\nPROFESSIONAL SKILLS AND ACCOMPLISHMENTS \n\nManagement and Administration \n\uf0b7  Directed, guided and motivated a workforce of up to 300 individuals with diverse technical \n\nbackgrounds and experiences. \n\n\uf0b7  Successfully improved work performance of a \u201cmarginal\u201d work team, as evidenced by an \nincrease to a..."
}