{
  "id": "resume-sample-11",
  "name": "REDACTED",
  "email": "REDACTED",
  "phone": "REDACTED",
  "skills": [
    "lab",
    "nt",
    "omaha",
    "skills",
    "unix",
    "the",
    "software",
    "sql",
    "college",
    "applications",
    "configuration",
    "bellevue",
    "assisted",
    "to",
    "ne",
    "ms",
    "and",
    "systems",
    "c++",
    "management",
    "technical",
    "gpa",
    "with",
    "xx",
    "in",
    "computer",
    "visual",
    "date",
    "support",
    "windows"
  ],
  "experience": [],
  "education": [],
  "raw_text": "CHRONOLOGICAL (COMPUTER/TECHNICAL) \n\nIM A. SAMPLE VIII \n5432 North 97 Street \nOmaha, Nebraska 68134 \n(402) 493-1234 \nimasample8@xxx.com \n\nOBJECTIVE \n\nSeeking position in Information Systems or related field utilizing solid academic background \nalong with exceptionally strong analytical, problem solving and customer service skills. \n\nEDUCATION \n\nBS in Computer Information Systems\u2014Web-based Networking \nBellevue University, Bellevue NE \n\nDean\u2019s Scholar \n\nExpected Graduation Date: January 20xx \nGPA to date: 3.86/4.00 \n\nAssociate of Applied Science, Metropolitan Community College, Omaha NE (20xx) \n\nMajor: Management Information Systems \n\nGPA: 3.45/4.00 \n\nTECHNICAL KNOWLEDGE AND SKILLS \n\nOperating Systems: Windows 19xx/20xx/XP/NT, UNIX/Linux \nTechnical Support: Installation, Configuration & Troubleshooting of Hardware & Software \nLanguages: Visual Basic, C, C++, Visual C++, Java, HTML, XML, ASP.NET \nDatabase Management: Relational Databases. SQL, PL/SQL, MS Access \nApplications: MS Office (Word, Excel, PowerPoint, Outlook), MS Project \n\nPROFESSIONAL EXPERIENCE \n\nComputer Support Technician/Intern, Union Pacific Railroad, Omaha NE (Summer 20xx) \n\uf0b7  Assisted in systems administration and configuration in UNIX and Windows NT. \n\uf0b7 \nInstalled and maintained local area networks, including Novell and Windows systems. \n\uf0b7  Staffed Help Desk; analyzed and resolved system problems encountered by end users. \n\uf0b7  Participated in the design and development of the department\u2019s web site. \n\uf0b7  Assisted with the maintenance of e-mail and other Internet applications. \n\nComputer Lab Assistant, Bellevue University, Bellevue NE (20xx \u2013 20xx) \n\n\uf0b7  Provided advice and guidance to college students on the effective use of PCs and various \n\nsoftware applications. \n\nCOLLEGIATE ACTIVITIES \n\nVolunteer Contributor, Bellevue University Computer Lab Newsletter \nMember, Varsity Baseball Team, Bellevue University \n\nREFERENCES AVAILABLE UPON REQUEST \n\n \n \n \n \n \n \n \n \n \n \n \n \n \n \n \n \n \n \n \n\f",
  "raw_text_snippet": "CHRONOLOGICAL (COMPUTER/TECHNICAL) \n\nIM A. SAMPLE VIII \n5432 North 97 Street \nOmaha, Nebraska [REDACTED_PHONE] \n[REDACTED_EMAIL] \n\nOBJECTIVE \n\nSeeking position in Information Systems or related field utilizing solid academic background \nalong with exceptionally strong analytical, problem solving and customer service skills. \n\nEDUCATION \n\nBS in Computer Information Systems\u2014Web-based Networking \nBellevue University, Bellevue NE \n\nDean\u2019s Scholar \n\nExpected Graduation Date: January 20xx \nGPA to date: 3.86/4.00 \n\nAssociate of Applied Science, Metropolitan Community College, Omaha NE (20xx) \n\nMajor: Management Information Systems \n\nGPA: 3.45/4.00 \n\nTECHNICAL KNOWLEDGE AND SKILLS \n\nOperating Systems: Windows 19xx/20xx/XP/NT, UNIX/Linux \nTechnical Support: Installation, Configuration & Troubleshoo..."
}